<?xml version="1.0" encoding="utf-8"?>
<base xmlns:xsi="http://www.w3.org/2001/XMLSchema-instance"
    xmlns:xsd="http://www.w3.org/2001/XMLSchema" type="string">
    <tags>
        <tag language="zh-cn" />
    </tags>
    <strings>
        <!--
            Chinese (Simplified) v2
            (zh-cn)
            
            By default, any of the `FunnyNote` or `Death` strings are dynamically chosen at random.
            If the `SeriousDeathMessages` option is enabled, the first `Death` message found in the file is used,
                so make this one literal and specific.
            The other ones can be puns or jokes, and options can be added or removed as needed, just make sure
                to keep the correct tags, and make sure that there is at least one message for each `Death` type.
        -->
        <UINotes text="笔记: " />
        <UICauseOfDeath text="死因: " />
		
		 <!--
            TN: Funny Notes
            If the player has not died, and has no performance notes to display,
            one of these will be chosen at random, so that nobody has no notes.
        -->

        <FunnyNote text="真是个蠢蛋" />
        <FunnyNote text="最可爱的雇员" />
        <FunnyNote text="玩得很开心" />
        <FunnyNote text="玩得很不开心" />
        <FunnyNote text="最勇敢的雇员" />
        <FunnyNote text="做了一个牛逼的后空翻" />
        <FunnyNote text="踢伤了他们的脚趾" />
        <FunnyNote text="下次最有可能死掉" />
        <FunnyNote text="下次最不可能死掉" />
        <FunnyNote text="不喜欢抽烟" />
        <FunnyNote text="一个团队型玩家" />
        <FunnyNote text="一个真正的干将" />
        <FunnyNote text="吃的零食最多" />
        <FunnyNote text="回到了原点并得到了$200" />
        <FunnyNote text="明天就放假，疯狂星期五" />
        <FunnyNote text="我认为他是一个连环杀手" />
        <FunnyNote text="完全不起眼" />
        <FunnyNote text="好久没给妈妈打电话了" />
        <FunnyNote text="IP地址为127.0.0.1" />
        <FunnyNote text="秘密是一只蜥蜴" />

<!--
            TN: Generic Death Messages
            Generally, causes of death like bludgeoning, strangulation, and blasts will be overridden by messages specific to that type.
            These are fallbacks for when there is no specific message. Try to make these broadly applicable.
        -->

        <DeathBludgeoning text="被打死了" />

        <DeathGravity text="想要验证牛顿定律" />
        <DeathGravity text="从悬崖上掉了下来" />

        <DeathBlast text="bang的一声爆炸了" />
        <DeathBlast text="被炸得粉身碎骨" />

        <DeathStrangulation text="被勒死" />

        <DeathSuffocation text="窒息而死" />

        <DeathMauling text="被打死了" />

        <DeathGunshots text="被枪杀" />
        <DeathGunshots text="里面装满了子弹" />

        <DeathCrushing text="被压死了" />

        <DeathDrowning text="试图在水里呼吸" />

        <DeathAbandoned text="被同事抛弃了" />

        <DeathElectrocution text="触电身亡" />

        <DeathKicking text="被踢死了" />
		
		<!-- 
            TN: Enemy Death Messages
            These are messages for when the player is killed by a specific enemy.
            Try to keep these high quality since they will be the ones players see the most.
        -->

        <DeathEnemyBracken text="没有保住自己后脖的安全" />
        <DeathEnemyBracken text="对小黑进行了细致的观察" />

        <DeathEnemyEyelessDog text="没来得及关掉麦克风" />
        <DeathEnemyEyelessDog text="自己跑进狗的嘴巴里了" />

        <DeathEnemyForestGiant text="被巨人生吃" />

        <DeathEnemyCircuitBees text="被蜜蜂活活蛰死" />

        <DeathEnemyGhostGirl text="神秘地死去" />
        <DeathEnemyGhostGirl text="失去了理智" />
        <DeathEnemyGhostGirl text="???" />

        <DeathEnemyEarthLeviathan text="成为了利维坦的晚餐" />

        <DeathEnemyBaboonHawk text="被狒狒鹰顶飞了" />

        <DeathEnemyJester text="陶醉在八音盒的音乐中" />
        <DeathEnemyJester text="被八音盒追上了" />

        <DeathEnemyCoilHead text="变成了弹簧" />
        <DeathEnemyCoilHead text="在大眼瞪小眼比赛中输了" />

        <DeathEnemySnareFlea text="与抱脸虫亲密接触" />

        <DeathEnemyHygrodere text="被史莱姆吸收" />
        <DeathEnemyHygrodere text="和史莱姆发生了一次意外事件" />

        <DeathEnemyHoarderBug text="被囤积虫囤积了" />
        <DeathEnemyHoarderBug text="试图从囤积虫那里偷东西" />

        <DeathEnemySporeLizard text="被孢子蜥蜴咬死了" />

        <DeathEnemyBunkerSpider text="陷入到蜘蛛网中" />

        <DeathEnemyThumper text="被半身鱼撕碎" />
		
		<!-- 
            TN: v45 Enemy Death Messages
            Messages used for enemies added in v45.
            Most of these enemies have multiple ways they can kill you, so make sure you don't mix them up.
        -->

        <DeathEnemyMaskedPlayerWear text="喜欢戴面具,拦不住的" />
        <DeathEnemyMaskedPlayerWear text="突然不想做人了" />

        <DeathEnemyMaskedPlayerVictim text="跟假人进行了爱的抱抱" />

        <DeathEnemyNutcrackerKicked text="试图和胡桃夹子一起跳踢踏舞" />

        <DeathEnemyNutcrackerShot text="成为了胡桃夹子的靶子" />
		
       <!-- 
            TN: v50 Enemy Death Messages
            Messages used for enemies added in v50.
        -->

        <DeathEnemyButlerStab text="触发了孤立无援" />
        <DeathEnemyButlerStab text="试图制止管家打扫卫生" />
        
        <DeathEnemyButlerExplode text="与自爆的管家同归于尽" />
        
        <DeathEnemyMaskHornets text="和管家的蜜蜂进行人蜂赛跑" />
        
        <DeathEnemyTulipSnakeDrop text="被郁金香蛇当成了空对地导弹" />
                
        <DeathEnemyOldBirdRocket text="吃火箭弹吃饱了" />
        <DeathEnemyOldBirdRocket text="吵醒了“婴儿”" />
        
        <DeathEnemyOldBirdStomp text="和牢鸟发生了踩踏事件" />
        
        <DeathEnemyOldBirdCharge text="跟牢鸟进行相扑比赛" />
        
        <DeathEnemyOldBirdTorch text="成为了超值碳烤套餐" />
        
        <!-- 
            TN: v55 Enemy Death Messages
            Messages used for enemies added in v55.
        -->

        <DeathEnemyKidnapperFox text="被狐狸拖走了" />

        <DeathEnemyBarber text="被理发师一刀两断" />
        <DeathEnemyBarber text="太久没有剪头发了" />
		
		<!-- 
            TN: Player Death Messages
            These are messages for when the player dies due to player-related means,
            such as murder or using an item improperly.
        -->
		
        <DeathPlayerJetpackGravity text="使用喷气背包时没有考虑牛顿的感受" />

        <DeathPlayerJetpackBlast text="变成了烟花" />

        <DeathPlayerMurderMelee text="被同事打死了" />
        <DeathPlayerMurderMelee text="是一起谋杀案的受害者。" />
        <DeathPlayerMurderMelee text="被谋杀了" />
        <DeathPlayerMurderMelee text="被同事背后捅刀子了" />

        <DeathPlayerMurderShotgun text="被同事开枪打死" />
        <DeathPlayerMurderShotgun text="被谋杀了" />
        <DeathPlayerMurderShotgun text="被同事“射”死了" />
		
		<DeathPlayerMurderYieldSign text="被告示牌拍死了" />
		
		<DeathPlayerMurderKnife text="被背后捅刀子" />

        <DeathPlayerQuicksand text="在流沙中自由泳" />

        <DeathPlayerStunGrenade text="被美式居合了" />
        <DeathPlayerStunGrenade text="是一起枪击案的受害者" />
		
		<DeathPlayerLadder text="准备给延展梯打六星好评" />
		
		<DeathPlayerEasterEgg text="想要在复活节复活" />
		
		<DeathPlayerCruiserDriver text="对自己的驾驶技术过于自信了" /> 
		<DeathPlayerCruiserPassenger text="选择了一个错误的司机" />
		<DeathPlayerCruiserExplodeBystander text="试图接近快爆炸的巡航车" />
        <DeathPlayerCruiserRanOver text="成为了酒驾的受害者" />
		 
        <DeathOtherDepositItemsDesk text="受到降职" />
        <DeathOtherDepositItemsDesk text="被纪律处分" />

        <DeathOtherItemDropship text="被空投舱砸扁了" />
        <DeathOtherItemDropship text="等不及拿到他们的货物了" />
		
		<DeathOtherFacilityPit text="尝试复刻信仰之跃" />

        <DeathOtherLandmine text="踩到地雷了" />

        <DeathOtherTurret text="被机枪击中了" />
		
		<DeathOtherSpikeTrap text="没有注意到头顶的陷阱" />

        <DeathOtherLightning text="成为了避雷针" />
		
		<DeathOtherOutOfBounds text="掉出了这个世界" />
        <DeathOtherOutOfBounds text="进入了后室" />

        <DeathUnknown text="不知为何死了" />
        <DeathUnknown text="诚心地死去" />

    </strings>
</base>