<?xml version="1.0" encoding="utf-8"?>
<base xmlns:xsi="http://www.w3.org/2001/XMLSchema-instance"
    xmlns:xsd="http://www.w3.org/2001/XMLSchema" type="string">
    <tags>
        <tag language="it" />
    </tags>
    <strings>
        <!--
            Italian v0
            (it)
            
            By default, any of the `FunnyNote` or `Death` strings are dynamically chosen at random.
            If the `SeriousDeathMessages` option is enabled, the first `Death` message found in the file is used,
                so make this one literal and specific.
            The other ones can be puns or jokes, and options can be added or removed as needed, just make sure
                to keep the correct tags, and make sure that there is at least one message for each `Death` type.
        -->

        <UINotes text="Appunti: " />
        <UICauseOfDeath text="Causa della Morte: " />

        <!--
            TN: Funny Notes
            If the player has not died, and has no performance notes to display,
            one of these will be chosen at random, so that nobody has no notes.
        -->

        <FunnyNote text="Il più stupidone." />
        <FunnyNote text="L'impiegato più carino." />
        <FunnyNote text="Si è divertito di più." />
        <FunnyNote text="Si è divertito di meno." />
        <FunnyNote text="L'impiegato più coraggioso." />
        <FunnyNote text="Ha fatto un bel salto all'indietro." />
        <FunnyNote text="Si è scontrato con il dito del piede." />
        <FunnyNote text="Più probabile che morirà la prossima volta." />
        <FunnyNote text="Meno probabile che morirà la prossima volta." />
        <FunnyNote text="Odia il fumo." />
        <FunnyNote text="Un giocatore di squadra." />
        <FunnyNote text="Una persona davvero determinata." />
        <FunnyNote text="Ha mangiato la maggior parte degli snack." />
        <FunnyNote text="Passò dal VIA e prese $200." />
        <FunnyNote text="Ha fatto follie di venerdì sera." />
        <FunnyNote text="Credo che sia un serial killer." />
        <FunnyNote text="Perfettamente nella norma." />
        <FunnyNote text="Non chiama sua madre da un po' di tempo." />
        <FunnyNote text="Il suo indirizzo IP è 127.0.0.1." />
        <FunnyNote text="In segreto è una lucertola." />

        <!--
            TN: Generic Death Messages
            Generally, causes of death like bludgeoning, strangulation, and blasts will be overridden by messages specific to that type.
            These are fallbacks for when there is no specific message. Try to make these broadly applicable.
        -->

        <DeathBludgeoning text="Randellato." />

        <DeathGravity text="Caduto verso il suo destino." />
        <DeathGravity text="Caduto da una collina." />

        <DeathBlast text="Esploso." />
        <DeathBlast text="Se n'è andato col botto." />
        <DeathBlast text="Ridotto a brandelli." />

        <DeathStrangulation text="Strangolato a morte." />

        <DeathSuffocation text="Morto soffocato." />

        <DeathMauling text="Morto sbranato." />

        <DeathGunshots text="Ucciso con colpi d'arma da fuoco." />
        <DeathGunshots text="Pieno di proiettili." />

        <DeathCrushing text="Morto schiacciato." />

        <DeathDrowning text="Morto annegato." />

        <DeathAbandoned text="Abbandonato dai colleghi." />
        <DeathAbandoned text="Ha scoperto che non c'è la 'I' in Squadra." />

        <DeathElectrocution text="Folgorato a morte." />

        <DeathKicking text="Preso a calci fino alla morte." />

        <DeathBurning text="Bruciato vivo." />

        <DeathStabbing text="Pugnalato a morte." />

        <DeathFan text="Sminuzzato da una ventola." />
        <DeathFan text="Diventato il fan numero uno della morte." />

        <DeathInertia text="Morto per inerzia." />

        <DeathSnipped text="Tagliato a morte." />

        <!-- 
            TN: Enemy Death Messages
            These are messages for when the player is killed by a specific enemy.
            Try to keep these high quality since they will be the ones players see the most.
        -->

        <DeathEnemyBracken text="Si è fatto rompere il collo da uno Pteride." />
        <DeathEnemyBracken text="Ha guardato lo Pteride troppo a lungo." />

        <DeathEnemyEyelessDog text="Sbranato dal Cane Talpa." />
        <DeathEnemyEyelessDog text="Beccato per aver utilizzato una tastiera meccanica." />
        <DeathEnemyEyelessDog text="Non è stato in silenzio vicino ad un Cane Talpa." />

        <DeathEnemyForestGiant text="Ingoiato da un Gigante della Foresta." />
        <DeathEnemyForestGiantEaten text="Ha fatto come un albero ed è morto per colpa di un Gigante della Foresta." /> <!-- TN: Make like a tree and leave. -->

        <DeathEnemyForestGiantDeath text="Schiacciato sotto un gigante della foresta morente." /> <!-- TN: Forest Giants crush nearby players as they play their death animation. -->

        <DeathEnemyCircuitBees text="Punto e folgorato a morte dalle Api Elettriche." />

        <DeathEnemyGhostGirl text="Morto misteriosamente." />
        <DeathEnemyGhostGirl text="Ha perso la testa." />
        <DeathEnemyGhostGirl text="Gli è venuto un brutto mal di testa." /> <!-- TN: The Ghost Girl causes the player's head to explode. -->
        <DeathEnemyGhostGirl text="???" />

        <DeathEnemyEarthLeviathan text="Ingoiato in un sol boccone da un Leviatano Terrestre." />

        <DeathEnemyBaboonHawk text="Mangiato da un Falcuìno." />
        <DeathEnemyBaboonHawk text="Sbranato da un Falcuìno." />
        <DeathEnemyBaboonHawk text="Ucciso da un gruppo di Falcuìni." />

        <DeathEnemyJester text="Sbranato da un Giullare." />
        <DeathEnemyJester text="Era il bersaglio dello scherzo del Giullare." />
        <DeathEnemyJester text="Il Giullare gli ha fatto uno scherzo." />
        <DeathEnemyJester text="Gli hanno fatto cucùsettete." /> <!-- TN: "Pop Goes The Weasel" is the song used by Jack-in-the-box toys. -->

        <DeathEnemyCoilHead text="Sbranato da un Testa-Molla." />
        <DeathEnemyCoilHead text="Ha partecipato ad una gara di sguardi con un Testa-Molla." />
        <DeathEnemyCoilHead text="Ha perso la gara di sguardi con un Testa-Molla." />

        <DeathEnemySnareFlea text="Soffocato da un Intrappolatore Strisciante." />
        <DeathEnemySnareFlea text="Ha fatto un'ottima imitazione dello scienziato di HL1." /> <!-- TN: Half-Life 1 features headcrabs. -->

        <DeathEnemyHygrodere text="Assorbito da un Igrodera." />
        <DeathEnemyHygrodere text="Annegato nella pozzanghera." />
        <DeathEnemyHygrodere text="Ha avuto un problemino con un Igrodera." />

        <DeathEnemyHoarderBug text="Sbranato da una Mosca Accumulatrice." />
        <DeathEnemyHoarderBug text="Assalito da una Mosca Accumulatrice." />
        <DeathEnemyHoarderBug text="Aggredito da una Mosca Accumulatrice." />
        <DeathEnemyHoarderBug text="Ha provato a derubare una Mosca Accumulatrice." />

        <DeathEnemyLassoMan text="Preso al lasso dall'uomo lasso." />

        <DeathEnemySporeLizard text="Morso da una Lucertola Soffiante." />
        <DeathEnemySporeLizard text="Soffocato da una Lucertola Soffiante." />

        <DeathEnemyBunkerSpider text="Intrappolato nella Tela del Ragno Recluso." />

        <DeathEnemyThumper text="Devastato da uno Spaccatore." />
        <DeathEnemyThumper text="Spaccato dallo Spaccatore." />

        <!-- 
            TN: v45 Enemy Death Messages
            Messages used for enemies added in v45.
            Most of these enemies have multiple ways they can kill you, so make sure you don't mix them up.
        -->

        <DeathEnemyMaskedPlayerWear text="Ha indossato la maschera." />
        <DeathEnemyMaskedPlayerWear
            text="A nessuno importava chi fossero finché non hanno indossato la maschera." />
        <DeathEnemyMaskedPlayerWear text="Became the Imposter." /> <!-- TN: Among Us reference -->

        <DeathEnemyMaskedPlayerVictim text="Ucciso da un collega mascherato." />
        <DeathEnemyMaskedPlayerVictim text="Finì in tragedia a causa di una maschera." />
        <DeathEnemyMaskedPlayerVictim text="Pugnalato da un Impostore." /> <!-- TN: Among Us reference -->
        <DeathEnemyMaskedPlayerVictim text="Morto per causa dell'impostore fra di noi." /> <!-- TN: Among Us reference -->

        <DeathEnemyNutcrackerKicked text="Si è preso un calcio dallo Schiaccianoci." />
        <DeathEnemyNutcrackerKicked text="Si è fatto schiacciare le noci dallo Schiaccianoci." />

        <DeathEnemyNutcrackerShot text="Ucciso dal fucile dello Schiaccianoci." />
        <DeathEnemyNutcrackerShot text="Si trovava all'estremità sbagliata di un fucile." />

        <!-- 
            TN: Player Death Messages
            Messages used for enemies added in v50.
        -->

        <DeathEnemyButlerStab text="Stabbed to death by the Butler." />
        <DeathEnemyButlerStab text="Got too close to the Butler." />
        <DeathEnemyButlerStab text="Shouldn't have asked Jeeves." /> <!-- TN: AskJeeves -->
        
        <DeathEnemyButlerExplode text="Blown up by the Butler." />
        
        <DeathEnemyMaskHornets text="Stung to death by Mask Hornets." /> <!-- TN: Spawned when the Butler dies. -->
        
        <DeathEnemyTulipSnakeDrop text="Dropped by a Tulip Snake." /> <!-- TN: When the player dies of fall damage due to a Tulip Snake. -->
                
        <DeathEnemyOldBirdRocket text="Blown up by an Old Bird." />
        <DeathEnemyOldBirdRocket text="Woke the baby." /> <!-- TN: Old Bird makes a crying sound. -->
        <DeathEnemyOldBirdRocket text="Didn't get in the robot." /> <!-- TN: Evangelion meme -->
        
        <DeathEnemyOldBirdStomp text="Stomped by an Old Bird." />
        <DeathEnemyOldBirdStomp text="Got their butt kicked by the robot." />
        
        <DeathEnemyOldBirdCharge text="Got too close to a charging Old Bird." />
        <DeathEnemyOldBirdCharge text="Found out why Embrion is condemned." /> <!-- TN: See Old Bird Bestiary entry. -->
        
        <DeathEnemyOldBirdTorch text="Got torched by an Old Bird." />
        <DeathEnemyOldBirdTorch text="Got flambéed by an Old Bird." /> <!-- TN: Flambée: To douse with a liquor and ignite. -->
        
        <!-- 
            TN: v55 Enemy Death Messages
            Messages used for enemies added in v55.
        -->

        <DeathEnemyKidnapperFox text="Was mauled by a Kidnapper Fox." />
        <DeathEnemyKidnapperFox text="Dragged into the Vain Shroud by a Fox." />

        <DeathEnemyBarber text="Was snipped by the Barber." />
        <DeathEnemyBarber text="Was snipped in half by the Barber." />
        <DeathEnemyBarber text="Had a little too much taken off the top." />

        <!-- 
            TN: Player Death Messages
            These are messages for when the player dies due to player-related means,
            such as murder or using an item improperly.
        -->

        <DeathPlayerJetpackGravity text="Caduto mentre utilizzava un jetpack." /> <!-- TN: Message used when the player dies of fall damage while holding a jetpack. -->
        <DeathPlayerJetpackGravity text="Volato troppo vicino al sole." /> <!-- TN: Reference to Icarus of Greek mythology -->
        <DeathPlayerJetpackGravity text="Ha finito il carburante." />

        <DeathPlayerJetpackBlast text="Saltato in aria mentre utilizzava un Jetpack." /> <!-- TN: Message used when the player uses the jetpack too long and it explodes. -->
        <DeathPlayerJetpackBlast text="Si è trasformato in un fuoco d'artificio." />

        <DeathPlayerMurderShovel text="Picchiato con una pala da un collega." /> <!-- TN: Used when a player kills another player with a shovel. -->
        <DeathPlayerMurderShovel text="Vittima di un omicidio." />
        <DeathPlayerMurderShovel text="Assassinato." />
        <DeathPlayerMurderShovel text="Picchiato a morte da un collega." />
        <DeathPlayerMurderShovel text="Si è fatto scavare la tomba da un collega." />
        <DeathPlayerMurderShovel text="Un collega ha scavato la sua tomba." />

        <DeathPlayerMurderStopSign text="Picchiato con un segnale di stop da un collega." /> <!-- TN: Used when a player kills another player with a stop/yield sign. -->
        <DeathPlayerMurderStopSign text="Vittima di un omicidio." />
        <DeathPlayerMurderStopSign text="Assassinato." />
        <DeathPlayerMurderStopSign text="Picchiato a morte da un collega." />
        <DeathPlayerMurderStopSign text="Un collega lo ha costretto a fermarsi." />
        <DeathPlayerMurderStopSign text="Colpito da otto fantastici lati." /> <!-- TN: Jack Black's Octagon -->
        <DeathPlayerMurderStopSign text="Colpito da otto fantastici angoli." /> <!-- TN: Jack Black's Octagon -->

        <DeathPlayerMurderYieldSign text="Picchiato con un cartello di divieto di accesso da un collega." /> <!-- TN: Used when a player kills another player with a stop/yield sign. -->
        <DeathPlayerMurderYieldSign text="Vittima di un omicidio." />
        <DeathPlayerMurderYieldSign text="Assassinato." />
        <DeathPlayerMurderYieldSign text="Picchiato da un collega." />
        <DeathPlayerMurderYieldSign text="Ha ceduto a un collega." />

        <DeathPlayerMurderKnife text="Pugnalato a morte da un collega." /> <!-- TN: Used when a player kills another player with a knife. -->
        <DeathPlayerMurderKnife text="Vittima di un omicidio." />
        <DeathPlayerMurderKnife text="Assassinato." />
        <DeathPlayerMurderKnife text="Pugnalata alle spalle da un collega." />
        <DeathPlayerMurderKnife text="Eviscerato come una gallina di campagna." /> <!-- TN: Team Fortress 2 reference -->

        <DeathPlayerMurderShotgun text="È stato colpito a morte da un collega." /> <!-- TN: Used when a player kills another player with the Nutcracker's shotgun. -->
        <DeathPlayerMurderShotgun text="Vittima di un omicidio." />
        <DeathPlayerMurderShotgun text="Assassinato." />
        <DeathPlayerMurderShotgun text="Un collega lo ha colpito col fucile." />
        <DeathPlayerMurderShotgun text="Ha ricevuto un 360-noscope da un collega." /> <!-- TN: Call of Duty reference -->

        <DeathPlayerLadder text="Schiacciato da una scala allungabile." /> <!-- TN: Used when a player stands underneath an Extension Ladder and gets crushed. -->
        <DeathPlayerLadder text="Schiacciato da una scala estraibile." />

        <DeathPlayerQuicksand text="Rimasto incastrato nelle sabbie mobili." />
        <DeathPlayerQuicksand text="Annegato nelle sabbie mobili." />

        <DeathPlayerStunGrenade text="Ha tenuto una granata stordente troppo a lungo." /> <!-- TN: Yes, the stun grenade can do damage, but only if you're holding it when it goes off. -->
        <DeathPlayerStunGrenade text="Era assolutamente stupefacente." />

        <DeathPlayerEasterEgg text="Fatto esplodere da un Uovo di Pasqua." />
        <DeathPlayerEasterEgg text="Gli è stato tirato addosso un Uovo di Pasqua." />

        <DeathPlayerCruiserDriver text="Saltato in aria a causa dell'incrociatore della Compagnia." /> <!-- TN: Occurs on explosion or severe impacts while in the driver seat. -->

        <DeathPlayerCruiserPassenger text="Saltato in aria a causa dell'incrociatore della Compagnia." /> <!-- TN: Occurs on explosion or severe impacts while in the passenger seat. -->

        <DeathPlayerCruiserExplodeBystander text="Saltato in aria a causa dell'incrociatore della Compagnia." /> <!-- TN: Occurs when near (but not seated in) the car as it explodes. -->

        <DeathPlayerCruiserRanOver text="Colpito dall'incrociatore della Compagnia." /> <!-- TN: Occurs when the Company Cruiser hits and crushes a player. -->

        <DeathOtherItemDropship text="È stato schiacciato dalla Capsula degli oggetti." /> <!-- TN: Used when a player stands underneath the Item Dropship and gets crushed. -->
        <DeathOtherItemDropship text="Non vedeva l'ora di avere i suoi oggetti." />
        <DeathOtherItemDropship text="Troppo impaziente." />

        <DeathOtherFacilityPit text="Caduto in una fossa." /> <!-- TN: Used for facility-specific falling deaths. -->
        <DeathOtherFacilityPit text="Morto in una fossa." />
        <DeathOtherFacilityPit text="Ha fatto il saldo della fede, e ha fallito." />

        <DeathOtherSpikeTrap text="Schiacciato da una trappola a spuntoni." />
        <DeathOtherSpikeTrap text="Trasformato in un pancake." />

        <!--
            TN: Messages for the tentacle that kills players at the company building.
            Performance reports don't show up at the company building so this is unused.
        -->
        <DeathOtherDepositItemsDesk text="Degradato." />
        <DeathOtherDepositItemsDesk text="Messo in congedo disciplinare." />

        <DeathOtherLandmine text="Ha camminato su una mina." />

        <DeathOtherTurret text="Ucciso da una torretta." />

        <DeathOtherLightning text="Colpito da un fulmine." />

        <!--
            TN: When the player clips out of the map while in the Facility.
            If they fall out of the map while outside the facility, they teleport back.
        -->
        <DeathOtherOutOfBounds text="Caduto fuori dal mondo." />
        <DeathOtherOutOfBounds text="Noclippato nelle Backroom." />

        <DeathUnknown text="Morto in qualche modo." />
        <DeathUnknown text="Sinceramente morto." /> <!-- TN: Wizard of Oz reference -->
        <DeathUnknown text="Morto in modo inspiegabile." />
    </strings>
</base>